url,template,title,storage,resource,owner
marketing,STS#3,Marketing Site,1000,100,admin@tenant.onmicrosoft.com
sales,STS#3,Sales Site,1000,100,admin@tenant.onmicrosoft.com
hr,STS#3,Human Resources,1000,100,admin@tenant.onmicrosoft.com
topsecret,STS#3,Top Secret Site,500,100,admin@tenant.onmicrosoft.com
products,STS#3,Products ,500,100,admin@tenant.onmicrosoft.com
socialclub,STS#3,Social Club,500,100,admin@tenant.onmicrosoft.com
managers,STS#3,Managers Site,1000,100,admin@tenant.onmicrosoft.com
projectx,STS#3,Project X,500,100,admin@tenant.onmicrosoft.com
projecty,STS#3,Project Y,1000,100,admin@tenant.onmicrosoft.com
projectz,STS#3,Project Z,1000,100,admin@tenant.onmicrosoft.com
