<SearchConfigurationSettings xmlns:i="http://www.w3.org/2001/XMLSchema-instance" xmlns="http://schemas.datacontract.org/2004/07/Microsoft.Office.Server.Search.Portability"><SearchQueryConfigurationSettings><SearchQueryConfigurationSettings><BestBets xmlns:d4p1="http://www.microsoft.com/sharepoint/search/KnownTypes/2008/08" /><DefaultSourceId>00000000-0000-0000-0000-000000000000</DefaultSourceId><DefaultSourceIdSet>true</DefaultSourceIdSet><DeployToParent>false</DeployToParent><DisableInheritanceOnImport>false</DisableInheritanceOnImport><QueryRuleGroups xmlns:d4p1="http://www.microsoft.com/sharepoint/search/KnownTypes/2008/08" /><QueryRules xmlns:d4p1="http://www.microsoft.com/sharepoint/search/KnownTypes/2008/08"><d4p1:QueryRule><d4p1:AssignBestBetsAction i:nil="true" /><d4p1:ChangeQueryAction i:nil="true" /><d4p1:Consumer xmlns:d6p1="http://schemas.datacontract.org/2004/07/Microsoft.Office.Server.Search.Administration"><d6p1:DatabaseId>00000000-0000-0000-0000-000000000000</d6p1:DatabaseId><d6p1:DisableInheritance>false</d6p1:DisableInheritance><d6p1:SPFarmId>baa1b08f-cbca-4af8-95fe-67ba9526f9b6</d6p1:SPFarmId><d6p1:SPSiteId>00000000-0000-0000-0000-000000000000</d6p1:SPSiteId><d6p1:SPSiteSubscriptionId>f538cb9f-edb4-41b5-b5b1-1059559c9e07</d6p1:SPSiteSubscriptionId><d6p1:SPWebId>00000000-0000-0000-0000-000000000000</d6p1:SPWebId></d4p1:Consumer><d4p1:ContextConditions><d4p1:MaxSize>2147483647</d4p1:MaxSize><d4p1:OrderedItems><d4p1:ContextCondition i:type="d4p1:SourceContextCondition"><d4p1:Id>79b72785-7990-4003-ba1b-f4f6434d0722</d4p1:Id><d4p1:SourceId>8413cd39-2156-4e00-b54d-11efd9abdb89</d4p1:SourceId></d4p1:ContextCondition></d4p1:OrderedItems></d4p1:ContextConditions><d4p1:CreateResultBlockActions><d4p1:MaxSize>2147483647</d4p1:MaxSize><d4p1:OrderedItems><d4p1:CreateResultBlockAction><d4p1:Id>b3e0ef85-d015-458d-a8c1-981680cbac25</d4p1:Id><d4p1:LicenseRequired>Enterprise</d4p1:LicenseRequired><d4p1:_EnableOnClickThroughOptions>NextPage Refinement</d4p1:_EnableOnClickThroughOptions><d4p1:_ResultTableType i:nil="true" /><d4p1:_AlwaysShow>false</d4p1:_AlwaysShow><d4p1:_GroupTemplateId>~sitecollection/_catalogs/masterpage/Display Templates/Search/Group_Default.js</d4p1:_GroupTemplateId><d4p1:_ItemTemplateId /><d4p1:_QueryTransform><d4p1:Id>085f2563-b6bd-4c4a-8bef-191e76dfbc1e</d4p1:Id><d4p1:IsSystem>false</d4p1:IsSystem><d4p1:OverridePropertiesForSeralization xmlns:d10p1="http://schemas.microsoft.com/2003/10/Serialization/Arrays"><d10p1:KeyValueOfstringanyType><d10p1:Key>RowLimit</d10p1:Key><d10p1:Value xmlns:d12p1="http://www.w3.org/2001/XMLSchema" i:type="d12p1:int">2</d10p1:Value></d10p1:KeyValueOfstringanyType><d10p1:KeyValueOfstringanyType><d10p1:Key>TotalRowsExactMinimum</d10p1:Key><d10p1:Value xmlns:d12p1="http://www.w3.org/2001/XMLSchema" i:type="d12p1:int">2</d10p1:Value></d10p1:KeyValueOfstringanyType></d4p1:OverridePropertiesForSeralization><d4p1:OwnerId i:nil="true" /><d4p1:ParentId i:nil="true" /><d4p1:ParentType>Action</d4p1:ParentType><d4p1:QueryPropertyExpressions><d4p1:MaxSize>2147483647</d4p1:MaxSize><d4p1:OrderedItems /></d4p1:QueryPropertyExpressions><d4p1:_IsReadOnly>false</d4p1:_IsReadOnly><d4p1:_QueryTemplate>{subjectTerms}</d4p1:_QueryTemplate><d4p1:_SourceId>74a80396-a85e-4e1d-a599-8b68c2a42dfe</d4p1:_SourceId></d4p1:_QueryTransform><d4p1:_ResultTitle><d4p1:DefaultLanguageLcid>1033</d4p1:DefaultLanguageLcid><d4p1:LanguageDictionary xmlns:d10p1="http://schemas.microsoft.com/2003/10/Serialization/Arrays"><d10p1:KeyValueOfintstring><d10p1:Key>1033</d10p1:Key><d10p1:Value>Bing Results for "{subjectTerms}"</d10p1:Value></d10p1:KeyValueOfintstring></d4p1:LanguageDictionary><d4p1:MaximumStringLength>256</d4p1:MaximumStringLength><d4p1:ResourceStringName i:nil="true" /></d4p1:_ResultTitle><d4p1:_ResultTitleUrl /></d4p1:CreateResultBlockAction></d4p1:OrderedItems></d4p1:CreateResultBlockActions><d4p1:CreationDate>2013-04-29T17:20:18.307Z</d4p1:CreationDate><d4p1:DefaultLanguageLCID>1033</d4p1:DefaultLanguageLCID><d4p1:GroupId i:nil="true" /><d4p1:IsActive>true</d4p1:IsActive><d4p1:IsStoredInSql>true</d4p1:IsStoredInSql><d4p1:IsSystem>false</d4p1:IsSystem><d4p1:LastModified>2013-04-29T17:20:18.73Z</d4p1:LastModified><d4p1:OrderInGroup>0</d4p1:OrderInGroup><d4p1:QueryConditions><d4p1:MaxSize>16</d4p1:MaxSize><d4p1:OrderedItems><d4p1:QueryCondition i:type="d4p1:KeywordCondition"><d4p1:CreatedWithSimpleUI>true</d4p1:CreatedWithSimpleUI><d4p1:id>53601a76-115c-4fd1-9541-e90d8ce5b6b7</d4p1:id><d4p1:matchingOptions>ProperPrefix ProperSuffix</d4p1:matchingOptions><d4p1:subjectTermsOrigin>Remainder</d4p1:subjectTermsOrigin><d4p1:LCID>127</d4p1:LCID><d4p1:TermsCollection xmlns:d9p1="http://schemas.microsoft.com/2003/10/Serialization/Arrays"><d9p1:string>www</d9p1:string></d4p1:TermsCollection><d4p1:resourceStringName i:nil="true" /></d4p1:QueryCondition></d4p1:OrderedItems></d4p1:QueryConditions><d4p1:_Contact /><d4p1:_DisplayName>Bing Query Rule</d4p1:_DisplayName><d4p1:_EndDate i:nil="true" /><d4p1:_Id>093fafd0-8820-4968-8fcd-1a87106fa2ba</d4p1:_Id><d4p1:_IsActive>true</d4p1:_IsActive><d4p1:_IsBestBetOnly>false</d4p1:_IsBestBetOnly><d4p1:_IsDeactivatedAtHigherLevel>false</d4p1:_IsDeactivatedAtHigherLevel><d4p1:_IsReadOnlyExplicit>false</d4p1:_IsReadOnlyExplicit><d4p1:_Owner xmlns:d6p1="http://schemas.datacontract.org/2004/07/Microsoft.Office.Server.Search.Administration"><d6p1:DatabaseId>93515b80-c081-41cd-8e9d-276018c139a6</d6p1:DatabaseId><d6p1:DisableInheritance>false</d6p1:DisableInheritance><d6p1:SPFarmId>baa1b08f-cbca-4af8-95fe-67ba9526f9b6</d6p1:SPFarmId><d6p1:SPSiteId>00000000-0000-0000-0000-000000000000</d6p1:SPSiteId><d6p1:SPSiteSubscriptionId>f538cb9f-edb4-41b5-b5b1-1059559c9e07</d6p1:SPSiteSubscriptionId><d6p1:SPWebId>00000000-0000-0000-0000-000000000000</d6p1:SPWebId></d4p1:_Owner><d4p1:_ProcessingDirective>Stop</d4p1:_ProcessingDirective><d4p1:_ReviewDate i:nil="true" /><d4p1:_StartDate i:nil="true" /></d4p1:QueryRule></QueryRules><ResultTypes xmlns:d4p1="http://schemas.datacontract.org/2004/07/Microsoft.Office.Server.Search.Administration" /><Sources xmlns:d4p1="http://schemas.datacontract.org/2004/07/Microsoft.Office.Server.Search.Administration.Query"><d4p1:Source><d4p1:Active>true</d4p1:Active><d4p1:AuthInfo xmlns:d6p1="http://schemas.datacontract.org/2004/07/Microsoft.Office.Server.Search.Administration" i:nil="true" /><d4p1:BuiltIn>false</d4p1:BuiltIn><d4p1:ConnectionTimeout>15000</d4p1:ConnectionTimeout><d4p1:ConnectionUrlTemplate /><d4p1:CreatedDate>2013-03-16T20:01:30.193</d4p1:CreatedDate><d4p1:Description /><d4p1:HasPermissionToReadAuthInfo>true</d4p1:HasPermissionToReadAuthInfo><d4p1:Id>2f4d65ad-30e4-4391-bb46-83f9bc4859fa</d4p1:Id><d4p1:IndexOffset>0</d4p1:IndexOffset><d4p1:LastModifiedDate>2013-03-16T20:01:30.193</d4p1:LastModifiedDate><d4p1:MaximumResponseLength>64</d4p1:MaximumResponseLength><d4p1:Name>Your Documents</d4p1:Name><d4p1:Owner xmlns:d6p1="http://schemas.datacontract.org/2004/07/Microsoft.Office.Server.Search.Administration"><d6p1:DatabaseId>00000000-0000-0000-0000-000000000000</d6p1:DatabaseId><d6p1:DisableInheritance>false</d6p1:DisableInheritance><d6p1:SPFarmId>baa1b08f-cbca-4af8-95fe-67ba9526f9b6</d6p1:SPFarmId><d6p1:SPSiteId>00000000-0000-0000-0000-000000000000</d6p1:SPSiteId><d6p1:SPSiteSubscriptionId>f538cb9f-edb4-41b5-b5b1-1059559c9e07</d6p1:SPSiteSubscriptionId><d6p1:SPWebId>00000000-0000-0000-0000-000000000000</d6p1:SPWebId></d4p1:Owner><d4p1:ProviderId>fa947043-6046-4f97-9714-40d4c113963d</d4p1:ProviderId><d4p1:QueryTransform xmlns:d6p1="http://www.microsoft.com/sharepoint/search/KnownTypes/2008/08"><d6p1:Id>df1f2eaf-20ce-4873-bb79-e20c8f09fa67</d6p1:Id><d6p1:IsSystem>false</d6p1:IsSystem><d6p1:OverridePropertiesForSeralization xmlns:d7p1="http://schemas.microsoft.com/2003/10/Serialization/Arrays" /><d6p1:OwnerId>93515b80-c081-41cd-8e9d-276018c139a6</d6p1:OwnerId><d6p1:ParentId>2f4d65ad-30e4-4391-bb46-83f9bc4859fa</d6p1:ParentId><d6p1:ParentType>Source</d6p1:ParentType><d6p1:QueryPropertyExpressions><d6p1:MaxSize>2147483647</d6p1:MaxSize><d6p1:OrderedItems /></d6p1:QueryPropertyExpressions><d6p1:_IsReadOnly>true</d6p1:_IsReadOnly><d6p1:_QueryTemplate>{searchTerms} Author:{User.Name}</d6p1:_QueryTemplate><d6p1:_SourceId i:nil="true" /></d4p1:QueryTransform></d4p1:Source><d4p1:Source><d4p1:Active>true</d4p1:Active><d4p1:AuthInfo xmlns:d6p1="http://schemas.datacontract.org/2004/07/Microsoft.Office.Server.Search.Administration" i:nil="true" /><d4p1:BuiltIn>false</d4p1:BuiltIn><d4p1:ConnectionTimeout>15000</d4p1:ConnectionTimeout><d4p1:ConnectionUrlTemplate>http://www.bing.com/search?q={searchTerms}&amp;format=rss&amp;Market=en-Us</d4p1:ConnectionUrlTemplate><d4p1:CreatedDate>2013-04-29T17:01:11.54</d4p1:CreatedDate><d4p1:Description /><d4p1:HasPermissionToReadAuthInfo>true</d4p1:HasPermissionToReadAuthInfo><d4p1:Id>74a80396-a85e-4e1d-a599-8b68c2a42dfe</d4p1:Id><d4p1:IndexOffset>0</d4p1:IndexOffset><d4p1:LastModifiedDate>2013-04-29T17:17:40.737</d4p1:LastModifiedDate><d4p1:MaximumResponseLength>64</d4p1:MaximumResponseLength><d4p1:Name>Bing Result Source</d4p1:Name><d4p1:Owner xmlns:d6p1="http://schemas.datacontract.org/2004/07/Microsoft.Office.Server.Search.Administration"><d6p1:DatabaseId>00000000-0000-0000-0000-000000000000</d6p1:DatabaseId><d6p1:DisableInheritance>false</d6p1:DisableInheritance><d6p1:SPFarmId>baa1b08f-cbca-4af8-95fe-67ba9526f9b6</d6p1:SPFarmId><d6p1:SPSiteId>00000000-0000-0000-0000-000000000000</d6p1:SPSiteId><d6p1:SPSiteSubscriptionId>f538cb9f-edb4-41b5-b5b1-1059559c9e07</d6p1:SPSiteSubscriptionId><d6p1:SPWebId>00000000-0000-0000-0000-000000000000</d6p1:SPWebId></d4p1:Owner><d4p1:ProviderId>3a17e140-1574-4093-bad6-e19cdf1c0121</d4p1:ProviderId><d4p1:QueryTransform xmlns:d6p1="http://www.microsoft.com/sharepoint/search/KnownTypes/2008/08"><d6p1:Id>5cd54fb8-95f0-4f50-b77a-3aba7c9f614a</d6p1:Id><d6p1:IsSystem>false</d6p1:IsSystem><d6p1:OverridePropertiesForSeralization xmlns:d7p1="http://schemas.microsoft.com/2003/10/Serialization/Arrays" /><d6p1:OwnerId i:nil="true" /><d6p1:ParentId>74a80396-a85e-4e1d-a599-8b68c2a42dfe</d6p1:ParentId><d6p1:ParentType>Source</d6p1:ParentType><d6p1:QueryPropertyExpressions><d6p1:MaxSize>2147483647</d6p1:MaxSize><d6p1:OrderedItems /></d6p1:QueryPropertyExpressions><d6p1:_IsReadOnly>true</d6p1:_IsReadOnly><d6p1:_QueryTemplate>{searchTerms}</d6p1:_QueryTemplate><d6p1:_SourceId i:nil="true" /></d4p1:QueryTransform></d4p1:Source></Sources><UserSegments xmlns:d4p1="http://www.microsoft.com/sharepoint/search/KnownTypes/2008/08" /></SearchQueryConfigurationSettings></SearchQueryConfigurationSettings><SearchRankingModelConfigurationSettings><RankingModels xmlns:d3p1="http://schemas.microsoft.com/2003/10/Serialization/Arrays" /></SearchRankingModelConfigurationSettings><SearchSchemaConfigurationSettings><Aliases xmlns:d3p1="http://schemas.datacontract.org/2004/07/Microsoft.Office.Server.Search.Administration"><d3p1:LastItemName i:nil="true" /><d3p1:dictionary xmlns:d4p1="http://schemas.microsoft.com/2003/10/Serialization/Arrays" /></Aliases><CategoriesAndCrawledProperties xmlns:d3p1="http://schemas.microsoft.com/2003/10/Serialization/Arrays"><d3p1:KeyValueOfguidCrawledPropertyInfoCollectionaSYUqUE_P><d3p1:Key>00130329-0000-0130-c000-000000131346</d3p1:Key><d3p1:Value xmlns:d5p1="http://schemas.datacontract.org/2004/07/Microsoft.Office.Server.Search.Administration"><d5p1:LastItemName>ows_CheckoutUser</d5p1:LastItemName><d5p1:dictionary><d3p1:KeyValueOfstringCrawledPropertyInfoy6h3NzC8><d3p1:Key>ListUrl</d3p1:Key><d3p1:Value><d5p1:Name>ListUrl</d5p1:Name><d5p1:CategoryName>SharePoint</d5p1:CategoryName><d5p1:IsMappedToContents>false</d5p1:IsMappedToContents><d5p1:IsNameEnum>false</d5p1:IsNameEnum><d5p1:MappedManagedProperties /><d5p1:Propset>00130329-0000-0130-c000-000000131346</d5p1:Propset><d5p1:Samples /><d5p1:SchemaId>0</d5p1:SchemaId></d3p1:Value></d3p1:KeyValueOfstringCrawledPropertyInfoy6h3NzC8><d3p1:KeyValueOfstringCrawledPropertyInfoy6h3NzC8><d3p1:Key>ows_Owner</d3p1:Key><d3p1:Value><d5p1:Name>ows_Owner</d5p1:Name><d5p1:CategoryName>SharePoint</d5p1:CategoryName><d5p1:IsMappedToContents>true</d5p1:IsMappedToContents><d5p1:IsNameEnum>false</d5p1:IsNameEnum><d5p1:MappedManagedProperties /><d5p1:Propset>00130329-0000-0130-c000-000000131346</d5p1:Propset><d5p1:Samples /><d5p1:SchemaId>0</d5p1:SchemaId></d3p1:Value></d3p1:KeyValueOfstringCrawledPropertyInfoy6h3NzC8><d3p1:KeyValueOfstringCrawledPropertyInfoy6h3NzC8><d3p1:Key>ows_CheckoutUser</d3p1:Key><d3p1:Value><d5p1:Name>ows_CheckoutUser</d5p1:Name><d5p1:CategoryName>SharePoint</d5p1:CategoryName><d5p1:IsMappedToContents>true</d5p1:IsMappedToContents><d5p1:IsNameEnum>false</d5p1:IsNameEnum><d5p1:MappedManagedProperties /><d5p1:Propset>00130329-0000-0130-c000-000000131346</d5p1:Propset><d5p1:Samples /><d5p1:SchemaId>0</d5p1:SchemaId></d3p1:Value></d3p1:KeyValueOfstringCrawledPropertyInfoy6h3NzC8></d5p1:dictionary></d3p1:Value></d3p1:KeyValueOfguidCrawledPropertyInfoCollectionaSYUqUE_P></CategoriesAndCrawledProperties><CrawledProperties xmlns:d3p1="http://schemas.datacontract.org/2004/07/Microsoft.Office.Server.Search.Administration" i:nil="true" /><ManagedProperties xmlns:d3p1="http://schemas.datacontract.org/2004/07/Microsoft.Office.Server.Search.Administration"><d3p1:LastItemName>workship</d3p1:LastItemName><d3p1:dictionary xmlns:d4p1="http://schemas.microsoft.com/2003/10/Serialization/Arrays"><d4p1:KeyValueOfstringManagedPropertyInfoy6h3NzC8><d4p1:Key>checkedoutby</d4p1:Key><d4p1:Value><d3p1:Name>checkedoutby</d3p1:Name><d3p1:Aliases i:nil="true" /><d3p1:CompleteMatching>false</d3p1:CompleteMatching><d3p1:Context>0</d3p1:Context><d3p1:DeleteDisallowed>false</d3p1:DeleteDisallowed><d3p1:Description /><d3p1:EnabledForScoping>false</d3p1:EnabledForScoping><d3p1:EntityExtractorBitMap>0</d3p1:EntityExtractorBitMap><d3p1:FullTextIndex i:nil="true" /><d3p1:HasMultipleValues>false</d3p1:HasMultipleValues><d3p1:IndexOptions>0</d3p1:IndexOptions><d3p1:IsReadOnly>false</d3p1:IsReadOnly><d3p1:ManagedType>Text</d3p1:ManagedType><d3p1:MappedCrawledProperties i:nil="true" /><d3p1:MappingDisallowed>false</d3p1:MappingDisallowed><d3p1:Pid>32434</d3p1:Pid><d3p1:Queryable>true</d3p1:Queryable><d3p1:Refinable>false</d3p1:Refinable><d3p1:RefinerConfiguration><d3p1:Anchoring>Auto</d3p1:Anchoring><d3p1:CutoffMaxBuckets>1000</d3p1:CutoffMaxBuckets><d3p1:Divisor>1</d3p1:Divisor><d3p1:Intervals>4</d3p1:Intervals><d3p1:Resolution>1</d3p1:Resolution><d3p1:Type>Deep</d3p1:Type></d3p1:RefinerConfiguration><d3p1:RemoveDuplicates>true</d3p1:RemoveDuplicates><d3p1:RespectPriority>false</d3p1:RespectPriority><d3p1:Retrievable>true</d3p1:Retrievable><d3p1:SafeForAnonymous>false</d3p1:SafeForAnonymous><d3p1:Searchable>false</d3p1:Searchable><d3p1:Sortable>false</d3p1:Sortable><d3p1:SortableType>Enabled</d3p1:SortableType><d3p1:TokenNormalization>true</d3p1:TokenNormalization><d3p1:UpdateGroup i:nil="true" /></d4p1:Value></d4p1:KeyValueOfstringManagedPropertyInfoy6h3NzC8><d4p1:KeyValueOfstringManagedPropertyInfoy6h3NzC8><d4p1:Key>DocumentOwner</d4p1:Key><d4p1:Value><d3p1:Name>DocumentOwner</d3p1:Name><d3p1:Aliases i:nil="true" /><d3p1:CompleteMatching>false</d3p1:CompleteMatching><d3p1:Context>0</d3p1:Context><d3p1:DeleteDisallowed>false</d3p1:DeleteDisallowed><d3p1:Description /><d3p1:EnabledForScoping>false</d3p1:EnabledForScoping><d3p1:EntityExtractorBitMap>0</d3p1:EntityExtractorBitMap><d3p1:FullTextIndex i:nil="true" /><d3p1:HasMultipleValues>false</d3p1:HasMultipleValues><d3p1:IndexOptions>0</d3p1:IndexOptions><d3p1:IsReadOnly>false</d3p1:IsReadOnly><d3p1:ManagedType>Text</d3p1:ManagedType><d3p1:MappedCrawledProperties i:nil="true" /><d3p1:MappingDisallowed>false</d3p1:MappingDisallowed><d3p1:Pid>32428</d3p1:Pid><d3p1:Queryable>true</d3p1:Queryable><d3p1:Refinable>false</d3p1:Refinable><d3p1:RefinerConfiguration><d3p1:Anchoring>Auto</d3p1:Anchoring><d3p1:CutoffMaxBuckets>1000</d3p1:CutoffMaxBuckets><d3p1:Divisor>1</d3p1:Divisor><d3p1:Intervals>4</d3p1:Intervals><d3p1:Resolution>1</d3p1:Resolution><d3p1:Type>Deep</d3p1:Type></d3p1:RefinerConfiguration><d3p1:RemoveDuplicates>true</d3p1:RemoveDuplicates><d3p1:RespectPriority>false</d3p1:RespectPriority><d3p1:Retrievable>false</d3p1:Retrievable><d3p1:SafeForAnonymous>false</d3p1:SafeForAnonymous><d3p1:Searchable>true</d3p1:Searchable><d3p1:Sortable>false</d3p1:Sortable><d3p1:SortableType>Enabled</d3p1:SortableType><d3p1:TokenNormalization>true</d3p1:TokenNormalization><d3p1:UpdateGroup i:nil="true" /></d4p1:Value></d4p1:KeyValueOfstringManagedPropertyInfoy6h3NzC8><d4p1:KeyValueOfstringManagedPropertyInfoy6h3NzC8><d4p1:Key>workship</d4p1:Key><d4p1:Value><d3p1:Name>workship</d3p1:Name><d3p1:Aliases i:nil="true" /><d3p1:CompleteMatching>false</d3p1:CompleteMatching><d3p1:Context>0</d3p1:Context><d3p1:DeleteDisallowed>false</d3p1:DeleteDisallowed><d3p1:Description>not aweseom</d3p1:Description><d3p1:EnabledForScoping>false</d3p1:EnabledForScoping><d3p1:EntityExtractorBitMap>0</d3p1:EntityExtractorBitMap><d3p1:FullTextIndex i:nil="true" /><d3p1:HasMultipleValues>false</d3p1:HasMultipleValues><d3p1:IndexOptions>0</d3p1:IndexOptions><d3p1:IsReadOnly>false</d3p1:IsReadOnly><d3p1:ManagedType>Text</d3p1:ManagedType><d3p1:MappedCrawledProperties i:nil="true" /><d3p1:MappingDisallowed>false</d3p1:MappingDisallowed><d3p1:Pid>30817</d3p1:Pid><d3p1:Queryable>true</d3p1:Queryable><d3p1:Refinable>false</d3p1:Refinable><d3p1:RefinerConfiguration><d3p1:Anchoring>Auto</d3p1:Anchoring><d3p1:CutoffMaxBuckets>1000</d3p1:CutoffMaxBuckets><d3p1:Divisor>1</d3p1:Divisor><d3p1:Intervals>4</d3p1:Intervals><d3p1:Resolution>1</d3p1:Resolution><d3p1:Type>Deep</d3p1:Type></d3p1:RefinerConfiguration><d3p1:RemoveDuplicates>true</d3p1:RemoveDuplicates><d3p1:RespectPriority>false</d3p1:RespectPriority><d3p1:Retrievable>true</d3p1:Retrievable><d3p1:SafeForAnonymous>false</d3p1:SafeForAnonymous><d3p1:Searchable>true</d3p1:Searchable><d3p1:Sortable>false</d3p1:Sortable><d3p1:SortableType>Enabled</d3p1:SortableType><d3p1:TokenNormalization>true</d3p1:TokenNormalization><d3p1:UpdateGroup i:nil="true" /></d4p1:Value></d4p1:KeyValueOfstringManagedPropertyInfoy6h3NzC8></d3p1:dictionary><d3p1:TotalCount>0</d3p1:TotalCount></ManagedProperties><Mappings xmlns:d3p1="http://schemas.datacontract.org/2004/07/Microsoft.Office.Server.Search.Administration"><d3p1:LastItemName>00130329-0000-0130-c000-000000131346:ows_CheckoutUser-&gt;32434</d3p1:LastItemName><d3p1:dictionary xmlns:d4p1="http://schemas.microsoft.com/2003/10/Serialization/Arrays"><d4p1:KeyValueOfstringMappingInfoy6h3NzC8><d4p1:Key>00130329-0000-0130-c000-000000131346:ListUrl-&gt;30817</d4p1:Key><d4p1:Value><d3p1:Name>00130329-0000-0130-c000-000000131346:ListUrl-&gt;30817</d3p1:Name><d3p1:CrawledPropertyName>ListUrl</d3p1:CrawledPropertyName><d3p1:CrawledPropset>00130329-0000-0130-c000-000000131346</d3p1:CrawledPropset><d3p1:ManagedPid>30817</d3p1:ManagedPid><d3p1:MappingOrder>100</d3p1:MappingOrder><d3p1:SchemaId>81769</d3p1:SchemaId></d4p1:Value></d4p1:KeyValueOfstringMappingInfoy6h3NzC8><d4p1:KeyValueOfstringMappingInfoy6h3NzC8><d4p1:Key>00130329-0000-0130-c000-000000131346:ows_Owner-&gt;32428</d4p1:Key><d4p1:Value><d3p1:Name>00130329-0000-0130-c000-000000131346:ows_Owner-&gt;32428</d3p1:Name><d3p1:CrawledPropertyName>ows_Owner</d3p1:CrawledPropertyName><d3p1:CrawledPropset>00130329-0000-0130-c000-000000131346</d3p1:CrawledPropset><d3p1:ManagedPid>32428</d3p1:ManagedPid><d3p1:MappingOrder>100</d3p1:MappingOrder><d3p1:SchemaId>81769</d3p1:SchemaId></d4p1:Value></d4p1:KeyValueOfstringMappingInfoy6h3NzC8><d4p1:KeyValueOfstringMappingInfoy6h3NzC8><d4p1:Key>00130329-0000-0130-c000-000000131346:ows_CheckoutUser-&gt;32434</d4p1:Key><d4p1:Value><d3p1:Name>00130329-0000-0130-c000-000000131346:ows_CheckoutUser-&gt;32434</d3p1:Name><d3p1:CrawledPropertyName>ows_CheckoutUser</d3p1:CrawledPropertyName><d3p1:CrawledPropset>00130329-0000-0130-c000-000000131346</d3p1:CrawledPropset><d3p1:ManagedPid>32434</d3p1:ManagedPid><d3p1:MappingOrder>100</d3p1:MappingOrder><d3p1:SchemaId>81769</d3p1:SchemaId></d4p1:Value></d4p1:KeyValueOfstringMappingInfoy6h3NzC8></d3p1:dictionary></Mappings><Overrides xmlns:d3p1="http://schemas.datacontract.org/2004/07/Microsoft.Office.Server.Search.Administration"><d3p1:LastItemName i:nil="true" /><d3p1:dictionary xmlns:d4p1="http://schemas.microsoft.com/2003/10/Serialization/Arrays" /></Overrides></SearchSchemaConfigurationSettings></SearchConfigurationSettings>
