Term Set Name,Term Set Description,LCID,Available for Tagging,Term Description,Level 1 Term,Level 2 Term,Level 3 Term,Level 4 Term,Level 5 Term,Level 6 Term,Level 7 Term
Hobbies,Hobbies Users can select as part of their user profile,,TRUE,,,,,,,,
,,1033,TRUE,,Winter Sports,,,,,,
,,1033,TRUE,,Winter Sports,Skiing,,,,,
,,1033,TRUE,,Winter Sports,Snow Boarding,,,,,
,,1033,TRUE,,Winter Sports,Snow Mobiling,,,,,
,,1033,TRUE,,Football,,,,,,
,,1033,TRUE,,Soccar,,,,,,
,,1033,TRUE,,Weight Training,,,,,,
,,1033,TRUE,,Bowling,,,,,,
,,1033,TRUE,,Golf,,,,,,
,,1033,TRUE,,Fishing,,,,,,
,,1033,TRUE,,Fishing,Saltwater,,,,,
,,1033,TRUE,,Fishing,Saltwater,In-Shore,,,,
,,1033,TRUE,,Fishing,Saltwater,Off-Shore,,,,
,,1033,TRUE,,Fishing,Freshwater,,,,,
,,1033,TRUE,,Dancing,,,,,,
,,1033,TRUE,,Dancing,Ball Room,,,,,
,,1033,TRUE,,Dancing,Disco,,,,,
,,1033,TRUE,,Dancing,Shag,,,,,
,,1033,TRUE,,Art,,,,,,
,,1033,TRUE,,Art,Painting,,,,,
,,1033,TRUE,,Art,Sculpture,,,,,
,,1033,TRUE,,Art,Sculpture,Modern,,,,
,,1033,TRUE,,Art,Sculpture,Contemporary,,,,
